Epoch,Accuracy,Loss,Precision,Recall,F1-Score,Log-Loss,Perplexity,Training Time (s),Memory Usage (MB)
1,0.6231435545752673,3.616654460605218,0.7512340030773073,0.7405967704580628,0.7441514977508488,3.2374377722419507,25.088476143585083,4256.560426079033,12.0
2,0.6619565621322772,2.581670770030706,0.7255075216262754,0.7445008382165506,0.7384662020608344,2.863308247897039,27.32725471753333,4492.528029246487,12.0
3,0.7061555577515242,2.1509899638150185,0.8023061644234597,0.7914883231189235,0.7949729083483568,2.7155345426390003,7.959567540020345,4708.041749641252,12.0
4,0.7462782261174955,1.197537971566917,0.7797087162168075,0.7848931484898807,0.7846486828217626,2.411160791295571,18.264184690938354,4895.838118754412,12.0
5,0.7823558372082579,0.4485904137847646,0.7711445900335425,0.8806776372698594,0.8174064786067472,2.3428897820288554,11.458971576754019,5119.883120596576,12.0
